Year,State Name,District,Area,Production,Yield,Rainfall,Predicted_Yield,FraudScore
1966,West Bengal,24 Parganas,603.36,628.09,1040.99,1817.0,1066.914300000001,25.92430000000104
1967,West Bengal,24 Parganas,618.82,682.16,1102.36,2104.45,1103.5698000000007,1.2098000000007687
1968,West Bengal,24 Parganas,615.7,703.49,1142.59,2488.25,1137.7286000000013,4.861399999998639
1969,West Bengal,24 Parganas,633.2,672.19,1061.58,1914.45,1072.7501000000013,11.170100000001412
1970,West Bengal,24 Parganas,582.4,475.7,816.79,2175.4,913.1481999999993,96.35819999999933
1971,West Bengal,24 Parganas,614.2,566.56,922.44,2663.3,967.1680000000009,44.72800000000086
1972,West Bengal,24 Parganas,615.9,621.12,1008.48,1873.9,1029.9121999999998,21.43219999999974
1973,West Bengal,24 Parganas,623.3,707.08,1134.41,2269.9,1151.588000000002,17.17800000000193
1974,West Bengal,24 Parganas,644.7,763.56,1184.36,2406.15,1193.7496000000003,9.389600000000428
1975,West Bengal,24 Parganas,661.1,800.43,1210.75,2064.9,1197.7911,12.958900000000085
1976,West Bengal,24 Parganas,634.8,667.45,1051.43,2017.25,1060.084100000001,8.65410000000088
1977,West Bengal,24 Parganas,652.6,892.15,1367.07,2373.55,1337.4977000000013,29.572299999998677
1978,West Bengal,24 Parganas,613.0,677.82,1105.74,2125.15,1094.5087000000012,11.231299999998782
1979,West Bengal,24 Parganas,622.0,692.99,1114.13,1834.8,1111.5316000000012,2.5983999999989464
1980,West Bengal,24 Parganas,639.8,926.42,1447.98,2334.8,1410.5562999999997,37.42370000000028
1981,West Bengal,24 Parganas,704.88,744.16,1055.73,2439.15,1077.6376999999995,21.907699999999522
1982,West Bengal,24 Parganas,657.73,631.43,960.01,1724.35,1002.0527999999996,42.0427999999996
1983,West Bengal,24 Parganas,694.1,1002.32,1444.06,2151.2,1481.1968999999988,37.13689999999883
1984,West Bengal,24 Parganas,649.72,1052.13,1619.36,2290.05,1652.2730999999987,32.91309999999885
1985,West Bengal,24 Parganas,641.0,884.14,1379.31,2225.65,1365.2730999999992,14.036900000000742
1986,West Bengal,24 Parganas,648.75,844.55,1301.81,2078.2,1292.6304999999988,9.179500000001099
1987,West Bengal,24 Parganas,680.6,1200.36,1763.68,2388.5,1897.6385999999975,133.95859999999743
1988,West Bengal,24 Parganas,702.16,1305.96,1859.92,2411.45,1877.0596000000014,17.139600000001337
1989,West Bengal,24 Parganas,705.99,1378.13,1952.05,2240.45,1868.7091000000007,83.34089999999924
1990,West Bengal,24 Parganas,705.36,1156.57,1639.69,2763.3,1665.1237000000008,25.433700000000727
1991,West Bengal,24 Parganas,714.03,1525.2,2136.04,2340.75,2111.0504000000005,24.989599999999427
1992,West Bengal,24 Parganas,719.0,1468.24,2042.06,1886.7,2038.367499999999,3.6925000000010186
1993,West Bengal,24 Parganas,734.04,1454.93,1982.09,2327.8,1926.5578999999987,55.532100000001265
1994,West Bengal,24 Parganas,725.37,1475.89,2034.67,1829.05,2036.9942000000021,2.3242000000020653
1995,West Bengal,24 Parganas,717.51,1328.02,1850.87,2746.9,1827.2533999999987,23.6166000000012
1996,West Bengal,24 Parganas,715.98,1469.53,2052.47,2152.15,2025.7856999999995,26.68430000000035
1997,West Bengal,24 Parganas,736.55,1320.68,1793.06,2104.55,1871.2734,78.21340000000009
1998,West Bengal,24 Parganas,783.63,1612.64,2057.91,2643.9,2091.187800000001,33.27780000000121
1999,West Bengal,24 Parganas,787.21,1763.13,2239.72,2640.15,2031.620900000002,208.09909999999786
2000,West Bengal,24 Parganas,699.81,1507.89,2154.71,2240.05,2146.193399999999,8.516600000000835
2001,West Bengal,24 Parganas,761.14,1859.06,2442.47,2076.6,2399.1126000000017,43.35739999999805
2002,West Bengal,24 Parganas,721.17,1692.32,2346.63,2080.15,2330.916500000001,15.71349999999893
2003,West Bengal,24 Parganas,714.91,1671.21,2337.65,2110.0,2325.1467999999986,12.50320000000147
2004,West Bengal,24 Parganas,662.51,1598.87,2413.35,2142.05,2475.5882000000024,62.23820000000251
2005,West Bengal,24 Parganas,673.08,1562.67,2321.67,2206.3,2442.2612000000026,120.59120000000257
2006,West Bengal,24 Parganas,693.07,1637.07,2362.06,1961.3,2383.8248999999996,21.76489999999967
2007,West Bengal,24 Parganas,666.1,1541.4,2314.07,2290.15,2376.242900000004,62.172900000003665
2008,West Bengal,24 Parganas,690.5,1656.9,2399.57,2122.55,2417.865100000003,18.295100000003004
2009,West Bengal,24 Parganas,619.1,1463.8,2364.4,1819.8,2404.0649999999973,39.664999999997235
2010,West Bengal,24 Parganas,595.7,1462.91,2455.78,1838.55,2517.4455999999986,61.66559999999845
2011,West Bengal,24 Parganas,610.43,1500.62,2458.3,2052.6,2455.649399999996,2.650600000004033
2012,West Bengal,24 Parganas,595.84,1553.5,2607.24,1950.1,2623.3520999999973,16.112099999997554
2013,West Bengal,24 Parganas,612.93,1658.81,2706.36,2085.1,2720.5346999999956,14.174699999995482
2014,West Bengal,24 Parganas,620.48,1702.5,2743.84,1792.0,2768.555399999998,24.71539999999777
2015,West Bengal,24 Parganas,622.27,1602.26,2574.86,2024.45,2588.1337999999973,13.273799999997209
1966,West Bengal,Nadia,204.87,133.21,650.22,1817.0,674.8818000000006,24.66180000000054
1967,West Bengal,Nadia,208.44,189.69,910.05,2104.45,880.2040000000009,29.845999999999094
1968,West Bengal,Nadia,233.3,176.28,755.59,2488.25,782.8605999999985,27.270599999998467
1969,West Bengal,Nadia,215.3,196.53,912.82,1914.45,896.014200000001,16.805799999999067
1970,West Bengal,Nadia,206.8,176.83,855.08,2175.4,847.1688999999994,7.9111000000006015
1971,West Bengal,Nadia,155.7,100.0,642.26,2663.3,1138.7549999999992,496.4949999999992
1972,West Bengal,Nadia,216.0,180.63,836.25,1873.9,836.5745999999999,0.3245999999999185
1973,West Bengal,Nadia,204.3,184.75,904.31,2269.9,886.0188999999992,18.29110000000071
1974,West Bengal,Nadia,240.7,259.25,1077.07,2406.15,1073.9088000000015,3.1611999999984164
1975,West Bengal,Nadia,245.7,277.09,1127.76,2064.9,1124.6110999999992,3.148900000000822
1976,West Bengal,Nadia,238.6,209.95,879.92,2017.25,894.9223999999996,15.002399999999625
1977,West Bengal,Nadia,225.6,302.45,1340.65,2373.55,1349.3490999999985,8.699099999998452
1978,West Bengal,Nadia,171.9,212.69,1237.29,2125.15,1250.0119999999981,12.721999999998161
1979,West Bengal,Nadia,208.7,272.86,1307.43,1834.8,1253.8741999999993,53.55580000000077
1980,West Bengal,Nadia,208.4,280.5,1345.97,2334.8,1338.5839,7.386099999999942
1981,West Bengal,Nadia,222.36,276.61,1243.97,2439.15,1277.2575999999992,33.2875999999992
1982,West Bengal,Nadia,207.48,234.71,1131.24,1724.35,1089.8096999999993,41.43030000000067
1983,West Bengal,Nadia,232.23,359.66,1548.72,2151.2,1544.0291000000004,4.690899999999601
1984,West Bengal,Nadia,211.78,396.7,1873.17,2290.05,1787.634800000001,85.53519999999912
1985,West Bengal,Nadia,183.23,375.97,2051.9,2225.65,1752.9061999999997,298.9938000000004
1986,West Bengal,Nadia,263.61,508.49,1928.95,2078.2,1928.3838000000012,0.5661999999988439
1987,West Bengal,Nadia,271.36,493.19,1817.47,2388.5,1798.793500000001,18.676499999999123
1988,West Bengal,Nadia,262.29,583.84,2225.93,2411.45,2272.104899999998,46.17489999999816
1989,West Bengal,Nadia,283.39,659.31,2326.51,2240.45,2370.0562000000014,43.546200000001136
1990,West Bengal,Nadia,284.97,695.11,2439.24,2763.3,2466.6728999999978,27.43289999999797
1991,West Bengal,Nadia,258.82,682.01,2635.07,2340.75,2607.4553000000033,27.6146999999969
1992,West Bengal,Nadia,280.17,673.24,2402.97,1886.7,2423.8972000000017,20.927200000001903
1993,West Bengal,Nadia,291.65,755.91,2591.84,2327.8,2498.2944999999977,93.54550000000245
1994,West Bengal,Nadia,288.25,700.64,2430.67,1829.05,2507.4668000000015,76.79680000000144
1995,West Bengal,Nadia,299.88,721.01,2404.33,2746.9,2454.2999999999975,49.969999999997526
1996,West Bengal,Nadia,289.41,710.45,2454.82,2152.15,2481.7432000000017,26.923200000001543
1997,West Bengal,Nadia,303.99,747.26,2458.17,2104.55,2496.1102999999966,37.94029999999657
1998,West Bengal,Nadia,305.12,843.72,2765.21,2643.9,2690.2253999999984,74.98460000000159
1999,West Bengal,Nadia,319.78,816.81,2554.29,2640.15,2546.2316,8.058399999999892
2000,West Bengal,Nadia,229.19,650.0,2836.07,2240.05,2710.8373000000006,125.23269999999957
2001,West Bengal,Nadia,341.64,958.73,2806.26,2076.6,2789.1755000000035,17.08449999999675
2002,West Bengal,Nadia,341.73,999.06,2923.54,2080.15,2781.2206000000024,142.3193999999976
2003,West Bengal,Nadia,309.68,840.09,2712.77,2110.0,2743.456499999998,30.686499999997977
2004,West Bengal,Nadia,286.13,763.67,2668.96,2142.05,2644.260999999998,24.699000000001888
2005,West Bengal,Nadia,265.41,732.44,2759.65,2206.3,2714.4832999999985,45.16670000000158
2006,West Bengal,Nadia,250.31,677.7,2707.44,1961.3,2785.9516,78.51159999999982
2007,West Bengal,Nadia,240.7,683.0,2837.56,2290.15,2770.076299999999,67.48370000000114
2008,West Bengal,Nadia,277.2,799.5,2884.2,2122.55,2853.084900000002,31.11509999999771
2009,West Bengal,Nadia,238.8,664.9,2784.34,1819.8,2814.606499999999,30.266499999998814
2010,West Bengal,Nadia,235.74,650.47,2759.27,1838.55,2801.7843999999986,42.51439999999866
2011,West Bengal,Nadia,252.14,744.49,2952.68,2052.6,2897.6804999999968,54.99950000000308
2012,West Bengal,Nadia,232.86,668.3,2869.96,1950.1,2874.9944999999993,5.034499999999298
2013,West Bengal,Nadia,239.03,734.42,3072.5,2085.1,2964.4087999999983,108.09120000000166
2014,West Bengal,Nadia,242.85,780.86,3215.4,1792.0,3104.0326,111.36740000000009
2015,West Bengal,Nadia,237.13,743.07,3133.6,2024.45,3071.8257999999996,61.77420000000029
1966,West Bengal,Murshidabad,296.74,340.05,1145.95,1817.0,1141.4819999999984,4.468000000001666
1967,West Bengal,Murshidabad,294.31,293.79,998.23,2104.45,1029.5607000000002,31.330700000000206
1968,West Bengal,Murshidabad,309.7,311.24,1004.97,2488.25,1011.6693000000007,6.699300000000676
1969,West Bengal,Murshidabad,290.7,279.29,960.75,1914.45,968.2775000000001,7.5275000000001455
1970,West Bengal,Murshidabad,290.1,312.25,1076.35,2175.4,1080.9005000000004,4.550500000000511
1971,West Bengal,Murshidabad,234.5,205.11,874.67,2663.3,882.9493999999991,8.2793999999991
1972,West Bengal,Murshidabad,293.5,272.08,927.02,1873.9,931.7814999999999,4.761499999999955
1973,West Bengal,Murshidabad,294.9,329.08,1115.9,2269.9,1108.8696999999986,7.030300000001489
1974,West Bengal,Murshidabad,333.2,399.44,1198.8,2406.15,1191.1004000000012,7.699599999998782
1975,West Bengal,Murshidabad,324.4,405.43,1249.78,2064.9,1248.0082,1.7717999999999847
1976,West Bengal,Murshidabad,308.7,333.6,1080.66,2017.25,1068.9757000000013,11.684299999998757
1977,West Bengal,Murshidabad,315.4,453.01,1436.3,2373.55,1429.0569000000005,7.243099999999458
1978,West Bengal,Murshidabad,272.8,348.59,1277.82,2125.15,1304.4602000000011,26.640200000001187
1979,West Bengal,Murshidabad,319.2,466.69,1462.06,1834.8,1456.640299999999,5.419700000001058
1980,West Bengal,Murshidabad,302.5,421.39,1393.02,2334.8,1405.3493000000005,12.329300000000558
1981,West Bengal,Murshidabad,307.87,313.05,1016.83,2439.15,1021.2860000000006,4.456000000000586
1982,West Bengal,Murshidabad,287.28,265.63,924.64,1724.35,927.4088999999997,2.7688999999996895
1983,West Bengal,Murshidabad,331.67,489.43,1475.65,2151.2,1471.5926999999983,4.05730000000176
1984,West Bengal,Murshidabad,303.12,477.78,1576.21,2290.05,1561.801800000001,14.408199999998942
1985,West Bengal,Murshidabad,275.03,435.63,1583.94,2225.65,1578.2556000000006,5.684399999999414
1986,West Bengal,Murshidabad,301.84,463.88,1536.84,2078.2,1534.0926000000004,2.747399999999516
1987,West Bengal,Murshidabad,356.82,532.61,1492.66,2388.5,1541.3326000000018,48.672600000001694
1988,West Bengal,Murshidabad,366.26,757.7,2068.75,2411.45,2106.2123999999994,37.462399999999434
1989,West Bengal,Murshidabad,348.68,739.23,2120.08,2240.45,2154.7069999999967,34.62699999999677
1990,West Bengal,Murshidabad,353.95,785.36,2218.84,2763.3,2202.784999999998,16.05500000000211
1991,West Bengal,Murshidabad,338.84,764.42,2255.99,2340.75,2236.7823999999973,19.207600000002458
1992,West Bengal,Murshidabad,360.16,818.81,2273.46,1886.7,2423.4975999999992,150.0375999999992
1993,West Bengal,Murshidabad,357.22,792.16,2217.57,2327.8,2206.9083000000023,10.661699999997836
1994,West Bengal,Murshidabad,345.82,793.19,2293.65,1829.05,2313.137399999999,19.48739999999907
1995,West Bengal,Murshidabad,341.22,738.08,2163.06,2746.9,2158.535599999998,4.5244000000020606
1996,West Bengal,Murshidabad,337.03,908.92,2696.85,2152.15,2657.897900000003,38.95209999999679
1997,West Bengal,Murshidabad,345.29,896.78,2597.18,2104.55,2707.356600000001,110.17660000000114
1998,West Bengal,Murshidabad,362.98,994.05,2738.58,2643.9,2660.611899999996,77.96810000000414
1999,West Bengal,Murshidabad,388.08,811.33,2090.63,2640.15,2128.308899999998,37.678899999998066
2000,West Bengal,Murshidabad,224.12,548.18,2445.92,2240.05,2417.771100000004,28.148899999996047
2001,West Bengal,Murshidabad,395.06,1085.35,2747.3,2076.6,2771.587199999998,24.287199999997938
2002,West Bengal,Murshidabad,406.72,1072.8,2637.69,2080.15,2647.189400000001,9.49940000000106
2003,West Bengal,Murshidabad,403.46,1113.59,2760.1,2110.0,2792.9829000000013,32.88290000000143
2004,West Bengal,Murshidabad,410.7,1194.42,2908.25,2142.05,2906.2451000000015,2.0048999999985426
2005,West Bengal,Murshidabad,404.26,1189.59,2942.64,2206.3,2922.345700000004,20.29429999999593
2006,West Bengal,Murshidabad,395.07,1030.7,2608.9,1961.3,2644.552799999997,35.652799999997114
2007,West Bengal,Murshidabad,398.4,1142.4,2867.47,2290.15,2869.4545999999987,1.9845999999988635
2008,West Bengal,Murshidabad,399.5,1123.7,2812.77,2122.55,2841.214099999999,28.444099999998798
2009,West Bengal,Murshidabad,373.1,1040.4,2788.53,1819.8,2763.5267000000003,25.003299999999854
2010,West Bengal,Murshidabad,304.18,861.73,2832.96,1838.55,2845.938399999999,12.978399999999056
2011,West Bengal,Murshidabad,351.02,957.31,2727.22,2052.6,2739.378400000001,12.158400000001166
2012,West Bengal,Murshidabad,352.39,973.7,2763.13,1950.1,2755.1024000000007,8.027599999999438
2013,West Bengal,Murshidabad,350.73,1116.7,3183.93,2085.1,3109.801499999997,74.12850000000299
2014,West Bengal,Murshidabad,367.46,1190.49,3239.78,1792.0,3020.8712,218.90880000000016
2015,West Bengal,Murshidabad,383.0,1257.25,3282.64,2024.45,3212.808200000006,69.83179999999402
1966,West Bengal,Burdwan,436.48,597.28,1368.4,1817.0,1423.7893999999976,55.38939999999752
1967,West Bengal,Burdwan,458.82,625.65,1363.61,2104.45,1370.4361,6.826099999999997
1968,West Bengal,Burdwan,472.8,687.22,1453.51,2488.25,1456.6701999999996,3.160199999999577
1969,West Bengal,Burdwan,476.1,629.26,1321.7,1914.45,1338.7463999999993,17.046399999999267
1970,West Bengal,Burdwan,463.2,616.88,1331.78,2175.4,1331.2306999999994,0.549300000000585
1971,West Bengal,Burdwan,499.8,616.16,1232.81,2663.3,1318.3914000000002,85.58140000000026
1972,West Bengal,Burdwan,496.0,709.42,1430.28,1873.9,1450.2993000000001,20.019300000000158
1973,West Bengal,Burdwan,526.2,664.17,1262.2,2269.9,1299.3110999999988,37.111099999998714
1974,West Bengal,Burdwan,535.4,806.35,1506.07,2406.15,1647.3677000000002,141.2977000000003
1975,West Bengal,Burdwan,539.2,823.46,1527.19,2064.9,1589.5358000000008,62.345800000000736
1976,West Bengal,Burdwan,487.7,711.36,1458.6,2017.25,1472.728900000002,14.128900000002204
1977,West Bengal,Burdwan,540.5,946.88,1751.86,2373.55,1756.722099999998,4.862099999998009
1978,West Bengal,Burdwan,544.7,845.93,1553.02,2125.15,1597.7528999999993,44.73289999999929
1979,West Bengal,Burdwan,456.0,809.2,1774.56,1834.8,1758.3320999999987,16.227900000001227
1980,West Bengal,Burdwan,548.0,996.76,1818.91,2334.8,1876.286499999998,57.376499999997804
1981,West Bengal,Burdwan,467.98,845.16,1805.97,2439.15,1710.5957999999998,95.3742000000002
1982,West Bengal,Burdwan,436.67,717.13,1642.27,1724.35,1757.3898999999992,115.11989999999923
1983,West Bengal,Burdwan,536.71,1078.84,2010.1,2151.2,2031.0875000000012,20.98750000000132
1984,West Bengal,Burdwan,545.77,1059.46,1941.22,2290.05,1961.3649000000003,20.144900000000234
1985,West Bengal,Burdwan,538.88,1013.19,1880.18,2225.65,1911.8137999999976,31.633799999997564
1986,West Bengal,Burdwan,523.97,1191.82,2274.6,2078.2,2321.8035000000013,47.20350000000144
1987,West Bengal,Burdwan,563.45,1241.1,2202.68,2388.5,2328.757099999996,126.07709999999634
1988,West Bengal,Burdwan,542.18,1406.8,2594.71,2411.45,2525.198999999998,69.51100000000224
1989,West Bengal,Burdwan,545.79,1376.19,2521.46,2240.45,2484.9719999999984,36.48800000000165
1990,West Bengal,Burdwan,560.6,1420.41,2533.73,2763.3,2473.131399999999,60.59860000000117
1991,West Bengal,Burdwan,560.36,1532.59,2735.01,2340.75,2644.0839000000014,90.92609999999877
1992,West Bengal,Burdwan,543.6,1406.33,2587.07,1886.7,2540.9155000000032,46.154499999996915
1993,West Bengal,Burdwan,605.75,1641.63,2710.08,2327.8,2703.3428999999956,6.737100000004375
1994,West Bengal,Burdwan,605.49,1694.36,2798.33,1829.05,2802.980299999996,4.65029999999615
1995,West Bengal,Burdwan,615.45,1668.48,2710.99,2746.9,2715.9530999999965,4.963099999996757
1996,West Bengal,Burdwan,626.24,1741.45,2780.8,2152.15,2804.242699999997,23.442699999996876
1997,West Bengal,Burdwan,653.56,1929.34,2952.05,2104.55,2965.798700000001,13.748700000001008
1998,West Bengal,Burdwan,700.72,2145.29,3061.55,2643.9,2714.5390999999972,347.01090000000295
1999,West Bengal,Burdwan,678.37,1859.06,2740.48,2640.15,2663.7920000000026,76.68799999999737
2000,West Bengal,Burdwan,582.65,1571.4,2696.99,2240.05,2644.718099999998,52.271900000002006
2001,West Bengal,Burdwan,660.09,1930.62,2924.78,2076.6,2937.4459000000015,12.66590000000133
2002,West Bengal,Burdwan,647.48,1931.37,2982.9,2080.15,2980.9106,1.9893999999999323
2003,West Bengal,Burdwan,655.53,2008.06,3063.26,2110.0,3066.9915000000033,3.7315000000030523
2004,West Bengal,Burdwan,634.17,1892.93,2984.89,2142.05,2977.204400000004,7.685599999995702
2005,West Bengal,Burdwan,639.01,1968.49,3080.53,2206.3,3059.893500000002,20.63649999999825
2006,West Bengal,Burdwan,642.81,1966.99,3059.99,1961.3,3059.114199999997,0.8758000000029824
2007,West Bengal,Burdwan,635.8,1858.6,2923.25,2290.15,2901.9706000000006,21.27939999999944
2008,West Bengal,Burdwan,666.5,1876.2,2815.0,2122.55,2858.6459000000027,43.64590000000271
2009,West Bengal,Burdwan,672.5,2051.2,3050.11,1819.8,2985.746799999995,64.36320000000524
2010,West Bengal,Burdwan,562.86,1665.94,2959.78,1838.55,2869.001399999999,90.778600000001
2011,West Bengal,Burdwan,592.8,1749.32,2950.94,2052.6,2908.0711000000006,42.868899999999485
2012,West Bengal,Burdwan,593.42,1922.46,3239.63,1950.1,3139.255500000002,100.37449999999808
2013,West Bengal,Burdwan,604.19,2016.62,3337.72,2085.1,3233.5879999999993,104.13200000000052
2014,West Bengal,Burdwan,583.28,1896.03,3250.63,1792.0,3162.679700000002,87.95029999999815
2015,West Bengal,Burdwan,578.47,1949.43,3369.98,2024.45,3215.772200000001,154.20779999999922
1966,West Bengal,Birbhum,319.92,475.36,1485.87,1817.0,1486.6569999999983,0.786999999998443
1967,West Bengal,Birbhum,331.78,490.78,1479.23,2104.45,1474.2214999999997,5.008500000000367
1968,West Bengal,Birbhum,320.9,491.75,1532.41,2488.25,1501.4580000000014,30.951999999998634
1969,West Bengal,Birbhum,332.7,414.97,1247.28,1914.45,1227.2146,20.065399999999954
1970,West Bengal,Birbhum,324.1,459.21,1416.88,2175.4,1406.9431000000009,9.936899999999241
1971,West Bengal,Birbhum,334.2,381.03,1140.13,2663.3,1151.797200000001,11.667200000001003
1972,West Bengal,Birbhum,321.6,397.26,1235.26,1873.9,1257.7580999999993,22.49809999999934
1973,West Bengal,Birbhum,343.4,452.24,1316.95,2269.9,1311.243699999999,5.706300000000965
1974,West Bengal,Birbhum,350.7,494.33,1409.55,2406.15,1423.8452000000013,14.295200000001387
1975,West Bengal,Birbhum,346.3,501.95,1449.47,2064.9,1452.9900000000007,3.520000000000664
1976,West Bengal,Birbhum,322.7,424.3,1314.84,2017.25,1330.4036999999994,15.563699999999471
1977,West Bengal,Birbhum,359.7,637.41,1772.06,2373.55,1904.988800000002,132.92880000000196
1978,West Bengal,Birbhum,350.7,493.95,1408.47,2125.15,1421.4775000000009,13.007500000000846
1979,West Bengal,Birbhum,338.1,538.74,1593.43,1834.8,1755.7864000000002,162.35640000000012
1980,West Bengal,Birbhum,357.4,585.67,1638.7,2334.8,1633.5797000000014,5.120299999998679
1981,West Bengal,Birbhum,330.18,380.13,1151.28,2439.15,1177.3477,26.06770000000006
1982,West Bengal,Birbhum,308.1,322.55,1046.9,1724.35,1061.4875999999997,14.587599999999611
1983,West Bengal,Birbhum,344.47,619.8,1799.29,2151.2,1840.2616000000007,40.97160000000076
1984,West Bengal,Birbhum,340.42,619.58,1820.05,2290.05,1784.8894000000007,35.16059999999925
1985,West Bengal,Birbhum,335.92,578.22,1721.3,2225.65,1752.1782999999996,30.878299999999626
1986,West Bengal,Birbhum,309.83,583.35,1882.81,2078.2,1865.1872999999987,17.62270000000126
1987,West Bengal,Birbhum,346.73,735.36,2120.84,2388.5,2124.657199999998,3.8171999999976833
1988,West Bengal,Birbhum,353.48,870.61,2462.97,2411.45,2425.395400000001,37.57459999999901
1989,West Bengal,Birbhum,351.58,807.68,2297.29,2240.45,2256.8917,40.398299999999836
1990,West Bengal,Birbhum,376.73,813.09,2158.28,2763.3,2166.498999999999,8.218999999998687
1991,West Bengal,Birbhum,335.23,768.48,2292.4,2340.75,2268.7555999999972,23.64440000000286
1992,West Bengal,Birbhum,335.57,783.99,2336.29,1886.7,2340.6499000000013,4.359900000001289
1993,West Bengal,Birbhum,371.2,832.45,2242.59,2327.8,2218.0450999999985,24.54490000000169
1994,West Bengal,Birbhum,352.52,798.97,2266.45,1829.05,2313.024800000003,46.57480000000305
1995,West Bengal,Birbhum,389.43,822.96,2113.24,2746.9,2117.9476999999983,4.707699999998567
1996,West Bengal,Birbhum,350.46,858.3,2449.07,2152.15,2496.736200000004,47.666200000003755
1997,West Bengal,Birbhum,368.48,1020.06,2768.29,2104.55,2740.6472999999983,27.642700000001696
1998,West Bengal,Birbhum,399.31,1187.79,2974.61,2643.9,2871.852699999995,102.75730000000522
1999,West Bengal,Birbhum,394.11,1042.5,2645.2,2640.15,2565.084800000002,80.11519999999791
2000,West Bengal,Birbhum,318.19,796.5,2503.22,2240.05,2496.445299999999,6.774700000000848
2001,West Bengal,Birbhum,394.13,1157.44,2936.7,2076.6,2927.5532000000035,9.146799999996347
2002,West Bengal,Birbhum,401.45,1146.55,2856.02,2080.15,2865.192799999998,9.172799999998006
2003,West Bengal,Birbhum,376.29,1110.36,2950.81,2110.0,2941.7024999999994,9.107500000000528
2004,West Bengal,Birbhum,387.89,1088.0,2804.92,2142.05,2812.309000000002,7.389000000001943
2005,West Bengal,Birbhum,368.55,1116.34,3029.01,2206.3,3002.5161000000026,26.493899999997666
2006,West Bengal,Birbhum,383.41,1199.44,3128.35,1961.3,3076.212500000001,52.13749999999891
2007,West Bengal,Birbhum,394.0,1220.7,3098.22,2290.15,3016.6901999999986,81.52980000000116
2008,West Bengal,Birbhum,393.9,1212.4,3077.94,2122.55,3073.5870000000023,4.352999999997792
2009,West Bengal,Birbhum,357.6,960.5,2685.96,1819.8,2709.9822999999988,24.022299999998722
2010,West Bengal,Birbhum,249.03,747.95,3003.45,1838.55,2973.934599999999,29.51540000000068
2011,West Bengal,Birbhum,386.88,1126.8,2912.53,2052.6,2929.617500000002,17.08750000000191
2012,West Bengal,Birbhum,372.09,1084.23,2913.89,1950.1,2874.4833000000044,39.40669999999545
2013,West Bengal,Birbhum,384.61,1274.1,3312.71,2085.1,3199.2457000000054,113.46429999999464
2014,West Bengal,Birbhum,384.73,1261.88,3279.91,1792.0,3192.7993000000056,87.11069999999427
2015,West Bengal,Birbhum,399.51,1340.67,3355.79,2024.45,3248.0568,107.73320000000012
1966,West Bengal,Bankura,304.63,272.82,895.58,1817.0,920.0575999999996,24.477599999999597
1967,West Bengal,Bankura,367.36,414.87,1129.33,2104.45,1148.1236000000006,18.79360000000065
1968,West Bengal,Bankura,359.5,458.82,1276.27,2488.25,1275.1939000000004,1.076099999999542
1969,West Bengal,Bankura,382.7,467.09,1220.51,1914.45,1224.3180999999981,3.8080999999981486
1970,West Bengal,Bankura,367.7,465.39,1265.68,2175.4,1265.7333999999992,0.053399999999101055
1971,West Bengal,Bankura,379.5,462.39,1218.42,2663.3,1239.4344999999992,21.01449999999909
1972,West Bengal,Bankura,380.8,442.62,1162.34,1873.9,1186.9415999999985,24.601599999998598
1973,West Bengal,Bankura,372.0,402.48,1081.94,2269.9,1115.160800000001,33.22080000000096
1974,West Bengal,Bankura,374.6,492.47,1314.66,2406.15,1336.9857000000018,22.32570000000169
1975,West Bengal,Bankura,373.8,478.64,1280.47,2064.9,1310.3105000000003,29.840500000000247
1976,West Bengal,Bankura,357.4,411.21,1150.56,2017.25,1153.2543999999998,2.6943999999998596
1977,West Bengal,Bankura,389.2,605.25,1555.11,2373.55,1582.2194999999983,27.109499999998434
1978,West Bengal,Bankura,379.4,511.58,1348.39,2125.15,1382.8049,34.41489999999999
1979,West Bengal,Bankura,325.1,342.85,1054.6,1834.8,1078.152300000001,23.552300000001196
1980,West Bengal,Bankura,381.6,594.15,1557.0,2334.8,1569.967,12.967000000000098
1981,West Bengal,Bankura,342.02,341.8,999.36,2439.15,1038.0153000000005,38.655300000000466
1982,West Bengal,Bankura,319.14,290.02,908.75,1724.35,998.0123999999993,89.26239999999927
1983,West Bengal,Bankura,359.29,586.05,1631.13,2151.2,1659.847200000002,28.717200000001867
1984,West Bengal,Bankura,375.67,588.91,1567.63,2290.05,1572.9769000000017,5.346900000001597
1985,West Bengal,Bankura,380.35,679.84,1787.41,2225.65,1881.7716000000014,94.36160000000132
1986,West Bengal,Bankura,360.51,625.32,1734.54,2078.2,1851.0254000000004,116.48540000000048
1987,West Bengal,Bankura,365.49,694.87,1901.2,2388.5,1962.2673000000016,61.067300000001524
1988,West Bengal,Bankura,386.69,779.19,2015.02,2411.45,2062.719299999998,47.69929999999795
1989,West Bengal,Bankura,407.13,831.38,2042.05,2240.45,2131.8466999999982,89.79669999999828
1990,West Bengal,Bankura,434.78,843.79,1940.73,2763.3,1940.3696000000014,0.3603999999986627
1991,West Bengal,Bankura,413.93,949.79,2294.57,2340.75,2346.5918,52.021799999999985
1992,West Bengal,Bankura,414.69,877.06,2114.98,1886.7,2273.6445000000012,158.66450000000123
1993,West Bengal,Bankura,418.51,912.64,2180.69,2327.8,2240.485100000001,59.79510000000073
1994,West Bengal,Bankura,420.48,975.47,2319.9,1829.05,2359.323099999998,39.4230999999977
1995,West Bengal,Bankura,437.47,1057.08,2416.35,2746.9,2368.841300000003,47.508699999997134
1996,West Bengal,Bankura,421.38,1038.72,2465.04,2152.15,2416.4416000000015,48.59839999999849
1997,West Bengal,Bankura,437.28,1197.35,2738.18,2104.55,2700.340899999997,37.83910000000287
1998,West Bengal,Bankura,386.01,928.98,2406.62,2643.9,2434.008699999997,27.388699999997243
1999,West Bengal,Bankura,412.12,997.06,2419.34,2640.15,2455.309999999998,35.96999999999798
2000,West Bengal,Bankura,395.57,993.41,2511.34,2240.05,2534.966599999999,23.62659999999869
2001,West Bengal,Bankura,436.47,1222.48,2800.83,2076.6,2748.208599999996,52.62140000000409
2002,West Bengal,Bankura,320.42,929.51,2900.91,2080.15,2846.9255,53.984500000000025
2003,West Bengal,Bankura,320.48,866.98,2705.25,2110.0,2736.1675000000005,30.917500000000473
2004,West Bengal,Bankura,346.83,958.49,2763.57,2142.05,2752.6933000000035,10.876699999996617
2005,West Bengal,Bankura,386.94,1013.45,2619.14,2206.3,2608.6633000000043,10.476699999995617
2006,West Bengal,Bankura,406.9,1138.01,2796.78,1961.3,2824.9162000000006,28.136200000000372
2007,West Bengal,Bankura,416.8,1173.6,2815.74,2290.15,2783.0400999999983,32.699900000001435
2008,West Bengal,Bankura,371.1,1025.8,2764.21,2122.55,2750.897399999999,13.312600000001112
2009,West Bengal,Bankura,377.3,1004.9,2663.4,1819.8,2691.5219999999977,28.12199999999757
2010,West Bengal,Bankura,198.02,507.49,2562.82,1838.55,2520.1260000000007,42.693999999999505
2011,West Bengal,Bankura,376.99,1119.51,2969.6,2052.6,2967.1493000000005,2.450699999999415
2012,West Bengal,Bankura,376.29,1033.74,2747.19,1950.1,2731.2256999999995,15.964300000000549
2013,West Bengal,Bankura,377.61,1045.36,2768.36,2085.1,2747.643199999996,20.71680000000424
2014,West Bengal,Bankura,356.09,984.16,2763.8,1792.0,2748.496199999997,15.30380000000332
2015,West Bengal,Bankura,360.61,990.64,2747.12,2024.45,2738.5794999999994,8.54050000000052
1966,West Bengal,Hooghly,185.95,168.41,905.67,1817.0,810.4312999999997,95.23870000000022
1967,West Bengal,Hooghly,202.93,231.55,1141.03,2104.45,1110.2958999999992,30.734100000000808
1968,West Bengal,Hooghly,212.9,298.68,1402.91,2488.25,1382.2571000000014,20.65289999999868
1969,West Bengal,Hooghly,208.6,281.74,1350.62,1914.45,1335.9084999999989,14.711500000001024
1970,West Bengal,Hooghly,198.5,257.87,1299.09,2175.4,1288.080299999998,11.009700000001885
1971,West Bengal,Hooghly,211.0,274.6,1301.42,2663.3,1292.1300999999992,9.289900000000898
1972,West Bengal,Hooghly,226.7,345.36,1523.42,1873.9,1531.7052000000006,8.285200000000486
1973,West Bengal,Hooghly,249.6,358.47,1436.18,2269.9,1441.0796999999977,4.899699999997665
1974,West Bengal,Hooghly,251.9,400.21,1588.77,2406.15,1567.9793999999993,20.790600000000723
1975,West Bengal,Hooghly,250.8,404.47,1612.72,2064.9,1614.0005000000008,1.2805000000007567
1976,West Bengal,Hooghly,228.6,326.93,1430.14,2017.25,1448.4398000000003,18.299800000000232
1977,West Bengal,Hooghly,238.6,432.73,1813.62,2373.55,1793.2006999999985,20.419300000001385
1978,West Bengal,Hooghly,222.4,346.68,1558.81,2125.15,1549.924399999999,8.885600000000977
1979,West Bengal,Hooghly,215.4,339.05,1574.05,1834.8,1551.6379000000002,22.412099999999782
1980,West Bengal,Hooghly,254.0,510.82,2011.1,2334.8,1972.3652000000016,38.73479999999836
1981,West Bengal,Hooghly,229.33,371.06,1618.02,2439.15,1592.0491999999995,25.97080000000051
1982,West Bengal,Hooghly,213.99,314.85,1471.33,1724.35,1444.7457000000002,26.584299999999757
1983,West Bengal,Hooghly,259.14,475.21,1833.8,2151.2,1828.6554999999978,5.144500000002154
1984,West Bengal,Hooghly,223.21,472.88,2118.54,2290.05,2105.026700000001,13.513299999999163
1985,West Bengal,Hooghly,242.48,479.15,1976.04,2225.65,1922.8744999999983,53.16550000000166
1986,West Bengal,Hooghly,230.1,458.6,1993.05,2078.2,1971.9339999999982,21.116000000001804
1987,West Bengal,Hooghly,256.64,508.95,1983.13,2388.5,1968.5317000000018,14.59829999999829
1988,West Bengal,Hooghly,262.58,584.78,2227.05,2411.45,2246.196199999997,19.146199999996952
1989,West Bengal,Hooghly,255.68,565.28,2210.89,2240.45,2278.0568000000003,67.16680000000042
1990,West Bengal,Hooghly,275.3,610.69,2218.27,2763.3,2206.2728999999968,11.997100000003229
1991,West Bengal,Hooghly,271.76,689.13,2535.8,2340.75,2541.2027999999978,5.402799999997569
1992,West Bengal,Hooghly,262.11,601.13,2293.43,1886.7,2282.5809999999965,10.849000000003343
1993,West Bengal,Hooghly,284.14,699.6,2462.17,2327.8,2497.686699999998,35.516699999997854
1994,West Bengal,Hooghly,287.65,750.38,2608.66,1829.05,2594.8439000000008,13.816099999999096
1995,West Bengal,Hooghly,301.45,688.8,2284.96,2746.9,2415.857499999998,130.89749999999776
1996,West Bengal,Hooghly,259.36,648.6,2500.77,2152.15,2555.089099999997,54.31909999999698
1997,West Bengal,Hooghly,292.11,773.11,2646.64,2104.55,2604.8095999999978,41.8304000000021
1998,West Bengal,Hooghly,290.93,745.15,2561.27,2643.9,2524.5535999999965,36.71640000000343
1999,West Bengal,Hooghly,311.84,766.88,2459.21,2640.15,2480.8800999999976,21.670099999997547
2000,West Bengal,Hooghly,199.3,503.7,2527.35,2240.05,2514.3653000000013,12.984699999998611
2001,West Bengal,Hooghly,311.06,847.68,2725.13,2076.6,2793.2938,68.16379999999981
2002,West Bengal,Hooghly,304.73,778.91,2556.07,2080.15,2532.1803999999975,23.8896000000027
2003,West Bengal,Hooghly,298.22,793.21,2659.81,2110.0,2623.146499999998,36.66350000000193
2004,West Bengal,Hooghly,304.04,857.57,2820.58,2142.05,2811.2238999999972,9.356100000002698
2005,West Bengal,Hooghly,310.32,849.95,2738.95,2206.3,2724.7211000000034,14.228899999996429
2006,West Bengal,Hooghly,299.19,846.82,2830.38,1961.3,2827.965400000001,2.4145999999991545
2007,West Bengal,Hooghly,301.8,845.1,2800.2,2290.15,2751.1086000000028,49.091399999997066
2008,West Bengal,Hooghly,305.7,876.3,2866.54,2122.55,2847.195400000001,19.34459999999899
2009,West Bengal,Hooghly,299.9,861.3,2871.96,1819.8,2868.1065,3.8535000000001673
2010,West Bengal,Hooghly,292.37,904.16,3092.52,1838.55,3012.370999999999,80.1490000000008
2011,West Bengal,Hooghly,277.2,806.84,2910.68,2052.6,2905.4538999999977,5.226100000002134
2012,West Bengal,Hooghly,273.45,793.04,2900.13,1950.1,2832.8752000000013,67.2547999999988
2013,West Bengal,Hooghly,286.05,807.73,2823.74,2085.1,2824.242399999997,0.5023999999971238
2014,West Bengal,Hooghly,276.03,860.05,3115.78,1792.0,3075.7714000000037,40.00859999999648
2015,West Bengal,Hooghly,277.62,871.28,3138.39,2024.45,3059.2716000000046,79.11839999999529
1966,West Bengal,Howrah,87.65,70.34,802.51,1817.0,1056.106000000001,253.5960000000009
1967,West Bengal,Howrah,88.64,71.99,812.16,2104.45,968.0235000000013,155.8635000000013
1968,West Bengal,Howrah,74.8,66.31,886.5,2488.25,1137.0922999999993,250.59229999999934
1969,West Bengal,Howrah,92.3,95.69,1036.73,1914.45,1050.4931000000006,13.763100000000577
1970,West Bengal,Howrah,73.3,54.34,741.34,2175.4,882.5099999999983,141.16999999999825
1971,West Bengal,Howrah,73.9,51.49,696.75,2663.3,998.3823999999981,301.63239999999814
1972,West Bengal,Howrah,91.0,92.87,1020.55,1873.9,1047.848900000001,27.29890000000114
1973,West Bengal,Howrah,87.6,83.23,950.11,2269.9,1025.4324000000004,75.32240000000036
1974,West Bengal,Howrah,94.8,100.42,1059.28,2406.15,1137.394599999999,78.11459999999897
1975,West Bengal,Howrah,94.6,110.24,1165.33,2064.9,1159.7189000000012,5.611099999998714
1976,West Bengal,Howrah,86.5,93.41,1079.88,2017.25,1064.0916000000004,15.788399999999683
1977,West Bengal,Howrah,91.5,124.9,1365.03,2373.55,1372.600999999999,7.570999999999003
1978,West Bengal,Howrah,48.8,59.05,1210.04,2125.15,1236.7318000000007,26.69180000000074
1979,West Bengal,Howrah,84.1,103.75,1233.65,1834.8,1180.7358999999997,52.91410000000042
1980,West Bengal,Howrah,90.4,151.38,1674.56,2334.8,1523.5129999999983,151.04700000000162
1981,West Bengal,Howrah,94.82,132.86,1401.18,2439.15,1433.3825999999972,32.20259999999712
1982,West Bengal,Howrah,88.48,112.73,1274.07,1724.35,1233.4671000000023,40.60289999999759
1983,West Bengal,Howrah,108.99,124.48,1142.12,2151.2,1339.9836999999989,197.86369999999897
1984,West Bengal,Howrah,118.21,158.12,1337.62,2290.05,1428.768399999998,91.14839999999822
1985,West Bengal,Howrah,103.41,189.52,1832.7,2225.65,1718.4089000000008,114.29109999999923
1986,West Bengal,Howrah,115.77,191.78,1656.56,2078.2,1665.4461999999994,8.886199999999462
1987,West Bengal,Howrah,114.35,220.28,1926.37,2388.5,1940.4339999999982,14.06399999999826
1988,West Bengal,Howrah,118.06,247.35,2095.12,2411.45,2068.3532999999975,26.766700000002402
1989,West Bengal,Howrah,114.19,229.26,2007.71,2240.45,1973.263999999999,34.44600000000105
1990,West Bengal,Howrah,133.09,232.45,1746.56,2763.3,1836.094599999999,89.53459999999905
1991,West Bengal,Howrah,133.24,325.85,2445.59,2340.75,2312.3104000000017,133.27959999999848
1992,West Bengal,Howrah,133.34,270.61,2029.47,1886.7,2127.8954000000003,98.42540000000031
1993,West Bengal,Howrah,140.67,259.87,1847.37,2327.8,1993.3498999999977,145.97989999999777
1994,West Bengal,Howrah,118.85,218.22,1836.1,1829.05,1868.7396000000026,32.6396000000027
1995,West Bengal,Howrah,120.34,179.95,1495.35,2746.9,1552.1003000000014,56.750300000001516
1996,West Bengal,Howrah,116.19,215.74,1856.79,2152.15,1847.8762000000017,8.913799999998218
1997,West Bengal,Howrah,124.84,242.62,1943.45,2104.55,1983.443400000002,39.993400000001884
1998,West Bengal,Howrah,124.14,235.27,1895.2,2643.9,1881.0104,14.189600000000155
1999,West Bengal,Howrah,134.1,295.77,2205.59,2640.15,2252.237299999999,46.64729999999872
2000,West Bengal,Howrah,113.27,224.2,1979.34,2240.05,1967.9057999999982,11.434200000001738
2001,West Bengal,Howrah,122.65,287.51,2344.15,2076.6,2324.241999999998,19.908000000002176
2002,West Bengal,Howrah,131.24,281.15,2142.26,2080.15,2217.1754,74.91539999999986
2003,West Bengal,Howrah,141.42,332.46,2350.87,2110.0,2367.6029,16.732899999999972
2004,West Bengal,Howrah,132.98,305.44,2296.89,2142.05,2316.8171000000034,19.92710000000352
2005,West Bengal,Howrah,125.55,286.01,2278.06,2206.3,2276.9663999999993,1.093600000000606
2006,West Bengal,Howrah,116.84,243.55,2084.47,1961.3,2059.124500000001,25.345499999998992
2007,West Bengal,Howrah,117.8,259.2,2200.34,2290.15,2141.516899999998,58.82310000000234
2008,West Bengal,Howrah,115.3,207.0,1795.32,2122.55,1756.4479000000026,38.87209999999732
2009,West Bengal,Howrah,114.0,191.2,1677.19,1819.8,1701.2513000000006,24.06130000000053
2010,West Bengal,Howrah,115.47,304.76,2639.3,1838.55,2542.0114999999964,97.28850000000375
2011,West Bengal,Howrah,107.05,225.33,2104.9,2052.6,1965.3434,139.55660000000012
2012,West Bengal,Howrah,111.21,286.83,2579.17,1950.1,2480.141099999997,99.02890000000298
2013,West Bengal,Howrah,108.64,275.13,2532.49,2085.1,2416.2136999999975,116.27630000000227
2014,West Bengal,Howrah,117.36,320.39,2729.98,1792.0,2498.5167999999967,231.46320000000333
2015,West Bengal,Howrah,112.82,222.22,1969.69,2024.45,1955.8475000000005,13.842499999999518
1966,West Bengal,Jalpaiguri,229.68,247.5,1077.59,1817.0,1072.4297999999983,5.160200000001623
1967,West Bengal,Jalpaiguri,209.47,164.91,787.27,2104.45,799.5830999999993,12.313099999999281
1968,West Bengal,Jalpaiguri,246.0,248.65,1010.77,2488.25,1016.9830000000003,6.2130000000003065
1969,West Bengal,Jalpaiguri,252.0,262.36,1041.11,1914.45,1040.8344000000006,0.2755999999992582
1970,West Bengal,Jalpaiguri,258.7,260.52,1007.04,2175.4,1013.4296000000005,6.3896000000005415
1971,West Bengal,Jalpaiguri,259.4,275.07,1060.41,2663.3,1032.361400000001,28.04859999999917
1972,West Bengal,Jalpaiguri,255.8,245.35,959.15,1873.9,953.022899999999,6.127100000000951
1973,West Bengal,Jalpaiguri,253.3,228.35,901.5,2269.9,919.4430999999998,17.943099999999845
1974,West Bengal,Jalpaiguri,288.7,278.33,964.08,2406.15,966.969700000001,2.889700000000971
1975,West Bengal,Jalpaiguri,305.0,312.29,1023.9,2064.9,1030.0116999999989,6.111699999998905
1976,West Bengal,Jalpaiguri,297.0,276.83,932.09,2017.25,940.7107999999986,8.620799999998553
1977,West Bengal,Jalpaiguri,298.9,285.59,955.47,2373.55,968.7184000000002,13.248400000000174
1978,West Bengal,Jalpaiguri,265.1,221.63,836.02,2125.15,871.8974999999995,35.877499999999486
1979,West Bengal,Jalpaiguri,257.8,204.78,794.34,1834.8,810.9279999999984,16.587999999998374
1980,West Bengal,Jalpaiguri,264.7,294.53,1112.69,2334.8,1115.0590000000009,2.369000000000824
1981,West Bengal,Jalpaiguri,269.85,214.02,793.11,2439.15,807.8041000000003,14.694100000000276
1982,West Bengal,Jalpaiguri,251.8,181.6,721.21,1724.35,767.9164999999997,46.706499999999664
1983,West Bengal,Jalpaiguri,272.09,277.75,1020.8,2151.2,1040.2686000000003,19.46860000000038
1984,West Bengal,Jalpaiguri,279.83,282.34,1008.97,2290.05,1023.2942000000006,14.324200000000587
1985,West Bengal,Jalpaiguri,254.0,260.97,1027.44,2225.65,1023.177400000001,4.262599999999111
1986,West Bengal,Jalpaiguri,279.2,244.66,876.29,2078.2,881.8296999999991,5.539699999999129
1987,West Bengal,Jalpaiguri,261.18,293.81,1124.93,2388.5,1127.3184999999992,2.3884999999991123
1988,West Bengal,Jalpaiguri,270.86,280.18,1034.41,2411.45,1043.0528000000018,8.642800000001671
1989,West Bengal,Jalpaiguri,268.89,316.86,1178.4,2240.45,1182.5293999999988,4.129399999998668
1990,West Bengal,Jalpaiguri,275.39,249.71,906.75,2763.3,924.4499000000001,17.69990000000007
1991,West Bengal,Jalpaiguri,262.36,361.72,1378.72,2340.75,1396.6550000000007,17.935000000000628
1992,West Bengal,Jalpaiguri,264.02,345.49,1308.58,1886.7,1337.1228999999992,28.542899999999236
1993,West Bengal,Jalpaiguri,253.04,321.97,1272.41,2327.8,1262.433100000001,9.976899999998977
1994,West Bengal,Jalpaiguri,241.52,271.3,1123.3,1829.05,1115.3491000000017,7.950899999998228
1995,West Bengal,Jalpaiguri,252.39,311.86,1235.63,2746.9,1229.9269000000013,5.703099999998813
1996,West Bengal,Jalpaiguri,248.04,277.16,1117.4,2152.15,1116.8369,0.5631000000000768
1997,West Bengal,Jalpaiguri,244.85,310.47,1268.0,2104.55,1270.0863999999997,2.086399999999685
1998,West Bengal,Jalpaiguri,246.23,286.15,1162.12,2643.9,1169.2033000000004,7.083300000000463
1999,West Bengal,Jalpaiguri,257.8,379.17,1470.79,2640.15,1468.3685999999989,2.4214000000010856
2000,West Bengal,Jalpaiguri,260.85,384.14,1472.65,2240.05,1466.6705999999995,5.9794000000006235
2001,West Bengal,Jalpaiguri,256.13,409.99,1600.71,2076.6,1596.5244000000007,4.18559999999934
2002,West Bengal,Jalpaiguri,275.18,432.45,1571.52,2080.15,1578.6529999999993,7.132999999999356
2003,West Bengal,Jalpaiguri,240.23,397.58,1655.0,2110.0,1660.2433999999996,5.24339999999961
2004,West Bengal,Jalpaiguri,250.08,366.12,1464.01,2142.05,1459.740999999999,4.269000000000915
2005,West Bengal,Jalpaiguri,248.53,394.62,1587.82,2206.3,1635.9368999999986,48.11689999999862
2006,West Bengal,Jalpaiguri,229.68,418.96,1824.1,1961.3,1782.0286000000021,42.071399999997766
2007,West Bengal,Jalpaiguri,236.1,372.4,1577.3,2290.15,1577.3372999999992,0.037299999999277134
2008,West Bengal,Jalpaiguri,235.5,391.2,1661.15,2122.55,1667.5469999999978,6.396999999997661
2009,West Bengal,Jalpaiguri,227.5,435.3,1913.41,1819.8,1903.652100000002,9.757899999998017
2010,West Bengal,Jalpaiguri,224.11,493.74,2203.11,1838.55,2162.4411999999957,40.66880000000447
2011,West Bengal,Jalpaiguri,224.62,469.65,2090.86,2052.6,2084.7385999999956,6.121400000004542
2012,West Bengal,Jalpaiguri,228.12,492.88,2160.62,1950.1,2103.8089999999975,56.81100000000242
2013,West Bengal,Jalpaiguri,229.65,523.15,2278.03,2085.1,2256.4795,21.550500000000284
2014,West Bengal,Jalpaiguri,230.54,561.85,2437.1,1792.0,2368.753900000002,68.34609999999793
2015,West Bengal,Jalpaiguri,220.26,556.42,2526.2,2024.45,2500.382800000003,25.817199999996774
1966,West Bengal,Darjeeling,37.5,42.19,1125.07,1817.0,1030.9281000000012,94.14189999999871
1967,West Bengal,Darjeeling,34.0,28.19,829.12,2104.45,1016.3371000000001,187.21710000000007
1968,West Bengal,Darjeeling,37.4,41.2,1101.6,2488.25,1103.4444000000012,1.8444000000013148
1969,West Bengal,Darjeeling,40.2,42.26,1051.24,1914.45,1021.643500000001,29.59649999999897
1970,West Bengal,Darjeeling,41.9,46.25,1103.82,2175.4,1075.8294000000014,27.990599999998494
1971,West Bengal,Darjeeling,42.1,64.76,1538.24,2663.3,1501.8230000000008,36.416999999999234
1972,West Bengal,Darjeeling,41.1,36.04,876.89,1873.9,895.322,18.432000000000016
1973,West Bengal,Darjeeling,42.3,45.39,1073.05,2269.9,1086.1184000000005,13.068400000000565
1974,West Bengal,Darjeeling,46.0,51.8,1126.09,2406.15,1143.9256999999982,17.83569999999827
1975,West Bengal,Darjeeling,45.3,48.41,1068.65,2064.9,1095.4411999999993,26.791199999999208
1976,West Bengal,Darjeeling,44.9,42.42,944.77,2017.25,974.4974999999998,29.72749999999985
1977,West Bengal,Darjeeling,44.7,46.81,1047.2,2373.55,1041.6266999999982,5.5733000000018365
1978,West Bengal,Darjeeling,36.8,30.79,836.68,2125.15,972.8705000000008,136.19050000000084
1979,West Bengal,Darjeeling,42.1,34.79,826.37,1834.8,864.3259999999999,37.955999999999904
1980,West Bengal,Darjeeling,43.1,47.53,1102.78,2334.8,1118.1267999999998,15.346799999999803
1981,West Bengal,Darjeeling,43.8,43.76,999.09,2439.15,1025.5148999999985,26.4248999999985
1982,West Bengal,Darjeeling,40.87,37.13,908.49,1724.35,901.9958000000003,6.494199999999751
1983,West Bengal,Darjeeling,44.32,59.81,1349.5,2151.2,1391.8133000000007,42.31330000000071
1984,West Bengal,Darjeeling,43.95,54.42,1238.23,2290.05,1237.5134999999993,0.7165000000006785
1985,West Bengal,Darjeeling,41.18,48.91,1187.71,2225.65,1178.533200000002,9.176799999998138
1986,West Bengal,Darjeeling,49.27,60.54,1228.74,2078.2,1232.0972000000008,3.35720000000083
1987,West Bengal,Darjeeling,47.94,46.14,962.45,2388.5,1007.5026999999983,45.052699999998254
1988,West Bengal,Darjeeling,52.78,55.31,1047.93,2411.45,1081.6247999999982,33.69479999999817
1989,West Bengal,Darjeeling,62.03,74.29,1197.65,2240.45,1185.7147999999997,11.93520000000035
1990,West Bengal,Darjeeling,55.34,64.64,1168.05,2763.3,1189.909500000001,21.859500000000935
1991,West Bengal,Darjeeling,47.78,72.3,1513.19,2340.75,1404.4200000000003,108.76999999999975
1992,West Bengal,Darjeeling,45.16,62.6,1386.18,1886.7,1365.4892999999977,20.69070000000238
1993,West Bengal,Darjeeling,43.89,69.8,1590.34,2327.8,1534.049399999998,56.29060000000186
1994,West Bengal,Darjeeling,45.01,66.09,1468.34,1829.05,1423.7354999999975,44.60450000000242
1995,West Bengal,Darjeeling,39.61,50.45,1273.67,2746.9,1246.9416999999994,26.728300000000672
1996,West Bengal,Darjeeling,36.67,38.75,1056.72,2152.15,1083.9129000000016,27.1929000000016
1997,West Bengal,Darjeeling,35.55,39.54,1112.24,2104.55,1114.7711000000015,2.5311000000015156
1998,West Bengal,Darjeeling,36.44,39.33,1079.31,2643.9,1153.1714000000006,73.86140000000069
1999,West Bengal,Darjeeling,35.66,51.45,1442.79,2640.15,1408.3996999999995,34.39030000000048
2000,West Bengal,Darjeeling,34.14,52.89,1549.21,2240.05,1494.1472000000012,55.06279999999879
2001,West Bengal,Darjeeling,36.01,59.23,1644.82,2076.6,1612.6226000000033,32.197399999996605
2002,West Bengal,Darjeeling,36.65,60.6,1653.48,2080.15,1614.4680000000014,39.01199999999858
2003,West Bengal,Darjeeling,35.34,64.83,1834.47,2110.0,1611.914900000002,222.555099999998
2004,West Bengal,Darjeeling,34.95,47.91,1370.82,2142.05,1337.2519000000023,33.568099999997685
2005,West Bengal,Darjeeling,34.52,58.63,1698.44,2206.3,1637.1192000000012,61.320799999998826
2006,West Bengal,Darjeeling,31.43,58.65,1866.05,1961.3,1914.1686999999986,48.118699999998626
2007,West Bengal,Darjeeling,32.2,59.5,1847.83,2290.15,1886.8074999999983,38.97749999999837
2008,West Bengal,Darjeeling,32.5,68.7,2113.85,2122.55,2102.009400000002,11.840599999997721
2009,West Bengal,Darjeeling,32.3,75.4,2334.37,1819.8,2337.033099999998,2.6630999999979394
2010,West Bengal,Darjeeling,32.26,77.8,2411.66,1838.55,2377.2493000000013,34.41069999999854
2011,West Bengal,Darjeeling,32.29,75.84,2348.71,2052.6,2334.1207999999983,14.58920000000171
2012,West Bengal,Darjeeling,32.42,67.56,2083.9,1950.1,2110.854399999998,26.954399999997804
2013,West Bengal,Darjeeling,32.16,72.3,2248.13,2085.1,2268.3587000000016,20.22870000000148
2014,West Bengal,Darjeeling,32.56,68.54,2105.04,1792.0,2130.4861000000005,25.44610000000057
2015,West Bengal,Darjeeling,32.59,76.95,2361.15,2024.45,2322.558499999998,38.59150000000227
1966,West Bengal,Malda,190.26,131.75,692.47,1817.0,706.7060000000005,14.236000000000445
1967,West Bengal,Malda,208.82,156.6,749.93,2104.45,733.6454999999997,16.284500000000207
1968,West Bengal,Malda,201.9,192.05,951.21,2488.25,941.3379000000008,9.87209999999925
1969,West Bengal,Malda,212.0,173.16,816.79,1914.45,812.6822999999997,4.10770000000025
1970,West Bengal,Malda,211.0,203.45,964.22,2175.4,955.2905000000007,8.92949999999928
1971,West Bengal,Malda,196.9,163.69,831.34,2663.3,852.8217999999986,21.481799999998543
1972,West Bengal,Malda,183.8,160.16,871.38,1873.9,844.9772000000002,26.402799999999843
1973,West Bengal,Malda,237.1,206.34,870.27,2269.9,882.8662999999993,12.59629999999936
1974,West Bengal,Malda,243.1,240.28,988.4,2406.15,988.4407999999992,0.04079999999919437
1975,West Bengal,Malda,233.2,228.05,977.92,2064.9,981.951399999999,4.031399999999053
1976,West Bengal,Malda,239.2,239.5,1001.25,2017.25,999.9923999999995,1.2576000000004797
1977,West Bengal,Malda,254.6,301.15,1182.84,2373.55,1195.3710999999987,12.531099999998787
1978,West Bengal,Malda,234.0,268.0,1145.3,2125.15,1135.2873000000013,10.012699999998631
1979,West Bengal,Malda,207.0,260.68,1259.32,1834.8,1213.101499999999,46.21850000000086
1980,West Bengal,Malda,202.9,287.53,1417.1,2334.8,1394.0190000000016,23.080999999998312
1981,West Bengal,Malda,231.54,307.45,1327.85,2439.15,1323.2003000000013,4.649699999998575
1982,West Bengal,Malda,216.05,260.88,1207.5,1724.35,1203.918599999999,3.58140000000094
1983,West Bengal,Malda,221.64,317.23,1431.28,2151.2,1433.7672999999995,2.48729999999955
1984,West Bengal,Malda,213.91,330.15,1543.41,2290.05,1520.1637000000012,23.246299999998882
1985,West Bengal,Malda,201.13,330.31,1642.27,2225.65,1598.4714000000001,43.79859999999985
1986,West Bengal,Malda,250.07,415.8,1662.73,2078.2,1668.8668000000007,6.136800000000676
1987,West Bengal,Malda,251.37,343.86,1367.94,2388.5,1363.5050000000006,4.434999999999491
1988,West Bengal,Malda,257.4,404.22,1570.4,2411.45,1559.9243999999985,10.475600000001577
1989,West Bengal,Malda,246.09,441.16,1792.68,2240.45,1778.421699999998,14.25830000000201
1990,West Bengal,Malda,263.82,492.32,1866.12,2763.3,1863.3613999999982,2.7586000000017066
1991,West Bengal,Malda,248.89,455.83,1831.45,2340.75,1809.9770000000008,21.472999999999274
1992,West Bengal,Malda,236.77,435.0,1837.23,1886.7,1827.6548,9.575199999999995
1993,West Bengal,Malda,242.34,551.94,2277.54,2327.8,2289.564200000002,12.02420000000211
1994,West Bengal,Malda,240.97,514.67,2135.83,1829.05,2120.1751999999974,15.654800000002524
1995,West Bengal,Malda,270.17,561.43,2078.06,2746.9,2103.1012999999984,25.0412999999985
1996,West Bengal,Malda,230.98,553.12,2394.67,2152.15,2395.665900000004,0.995900000003985
1997,West Bengal,Malda,231.77,559.54,2414.2,2104.55,2392.068700000003,22.131299999996827
1998,West Bengal,Malda,227.47,488.46,2147.36,2643.9,2080.8437000000004,66.51629999999977
1999,West Bengal,Malda,230.66,519.34,2251.54,2640.15,2274.5599000000007,23.01990000000069
2000,West Bengal,Malda,221.66,523.07,2359.79,2240.05,2353.8565000000012,5.93349999999873
2001,West Bengal,Malda,213.35,536.16,2513.05,2076.6,2502.8019999999965,10.248000000003685
2002,West Bengal,Malda,214.55,545.98,2544.77,2080.15,2533.634599999996,11.135400000003756
2003,West Bengal,Malda,208.62,572.59,2744.66,2110.0,2697.248300000002,47.411699999997836
2004,West Bengal,Malda,217.29,661.56,3044.59,2142.05,3022.2646000000004,22.325399999999718
2005,West Bengal,Malda,218.61,636.12,2909.84,2206.3,2933.393900000001,23.553900000000795
2006,West Bengal,Malda,154.26,470.63,3050.89,1961.3,2936.6499000000044,114.24009999999544
2007,West Bengal,Malda,147.3,480.4,3261.37,2290.15,3041.4343999999987,219.93560000000116
2008,West Bengal,Malda,221.7,656.8,2962.56,2122.55,2968.4132999999983,5.853299999998399
2009,West Bengal,Malda,216.8,614.5,2834.41,1819.8,2801.6764000000007,32.733599999999115
2010,West Bengal,Malda,200.76,630.48,3140.47,1838.55,3105.6272999999983,34.842700000001514
2011,West Bengal,Malda,204.93,611.97,2986.24,2052.6,2905.128799999998,81.11120000000165
2012,West Bengal,Malda,207.59,644.57,3105.01,1950.1,3086.7356000000023,18.274399999997968
2013,West Bengal,Malda,198.77,704.37,3543.64,2085.1,3412.221300000006,131.4186999999938
2014,West Bengal,Malda,204.19,707.57,3465.25,1792.0,3371.9941000000003,93.25589999999966
2015,West Bengal,Malda,206.35,705.36,3418.27,2024.45,3324.786900000001,93.48309999999901
1966,West Bengal,Cooch Behar,252.83,220.24,871.1,1817.0,867.1808999999998,3.919100000000185
1967,West Bengal,Cooch Behar,250.73,216.92,865.15,2104.45,890.1005,24.950500000000034
1968,West Bengal,Cooch Behar,248.7,217.48,874.47,2488.25,904.1342999999996,29.66429999999957
1969,West Bengal,Cooch Behar,261.3,242.67,928.7,1914.45,923.5246999999985,5.1753000000015845
1970,West Bengal,Cooch Behar,261.5,244.46,934.84,2175.4,932.7290999999983,2.1109000000017204
1971,West Bengal,Cooch Behar,268.7,243.43,905.95,2663.3,914.7781999999987,8.828199999998674
1972,West Bengal,Cooch Behar,258.1,227.79,882.56,1873.9,893.5792999999986,11.01929999999868
1973,West Bengal,Cooch Behar,264.7,224.81,849.3,2269.9,879.9972999999991,30.69729999999913
1974,West Bengal,Cooch Behar,295.9,262.82,888.21,2406.15,899.6647000000012,11.45470000000114
1975,West Bengal,Cooch Behar,305.5,270.24,884.58,2064.9,899.5194000000005,14.939400000000433
1976,West Bengal,Cooch Behar,302.3,245.34,811.58,2017.25,838.8409000000008,27.260900000000788
1977,West Bengal,Cooch Behar,306.0,257.78,842.42,2373.55,867.0928999999996,24.672899999999686
1978,West Bengal,Cooch Behar,282.1,213.4,756.47,2125.15,778.8521000000005,22.38210000000049
1979,West Bengal,Cooch Behar,260.1,187.34,720.26,1834.8,756.6901999999994,36.430199999999445
1980,West Bengal,Cooch Behar,272.7,277.74,1018.48,2334.8,1033.8979000000002,15.417900000000145
1981,West Bengal,Cooch Behar,305.9,284.98,931.61,2439.15,955.9751000000006,24.365100000000552
1982,West Bengal,Cooch Behar,285.43,241.81,847.18,1724.35,863.5542999999991,16.374299999999153
1983,West Bengal,Cooch Behar,286.56,310.66,1084.1,2151.2,1079.8157000000008,4.284299999999121
1984,West Bengal,Cooch Behar,297.0,313.76,1056.43,2290.05,1062.7324999999985,6.3024999999984175
1985,West Bengal,Cooch Behar,279.28,291.24,1042.82,2225.65,1072.5677000000005,29.747700000000577
1986,West Bengal,Cooch Behar,324.2,335.09,1033.59,2078.2,1039.1844999999987,5.5944999999987886
1987,West Bengal,Cooch Behar,274.37,313.77,1143.6,2388.5,1154.7067000000013,11.10670000000141
1988,West Bengal,Cooch Behar,338.56,403.39,1191.49,2411.45,1181.0667000000012,10.42329999999879
1989,West Bengal,Cooch Behar,320.07,422.63,1320.43,2240.45,1338.1040999999982,17.674099999998134
1990,West Bengal,Cooch Behar,305.65,401.84,1314.71,2763.3,1312.1091000000017,2.600899999998319
1991,West Bengal,Cooch Behar,314.45,398.17,1266.24,2340.75,1273.7868000000014,7.54680000000144
1992,West Bengal,Cooch Behar,315.35,405.03,1284.38,1886.7,1294.5676000000014,10.18760000000134
1993,West Bengal,Cooch Behar,305.09,421.21,1380.61,2327.8,1391.4338999999998,10.823899999999867
1994,West Bengal,Cooch Behar,274.04,340.48,1242.45,1829.05,1223.733099999999,18.716900000001033
1995,West Bengal,Cooch Behar,301.33,383.42,1272.43,2746.9,1273.2736999999981,0.8436999999980799
1996,West Bengal,Cooch Behar,293.82,400.71,1363.79,2152.15,1353.8564999999987,9.933500000001231
1997,West Bengal,Cooch Behar,273.68,369.09,1348.62,2104.55,1343.3299999999995,5.290000000000418
1998,West Bengal,Cooch Behar,282.4,368.87,1306.2,2643.9,1299.27,6.930000000000064
1999,West Bengal,Cooch Behar,292.25,439.77,1504.77,2640.15,1500.253200000001,4.516799999998966
2000,West Bengal,Cooch Behar,291.9,517.28,1772.11,2240.05,1761.8429999999978,10.2670000000021
2001,West Bengal,Cooch Behar,279.19,466.68,1671.55,2076.6,1655.6013999999993,15.948600000000624
2002,West Bengal,Cooch Behar,273.13,457.64,1675.54,2080.15,1677.693099999999,2.1530999999990854
2003,West Bengal,Cooch Behar,276.23,515.42,1865.91,2110.0,1906.066600000001,40.156600000000935
2004,West Bengal,Cooch Behar,269.31,473.15,1756.9,2142.05,1770.513299999998,13.613299999997935
2005,West Bengal,Cooch Behar,280.49,545.58,1945.1,2206.3,2052.9889999999978,107.88899999999785
2006,West Bengal,Cooch Behar,239.45,445.79,1861.72,1961.3,1834.6961999999999,27.023800000000165
2007,West Bengal,Cooch Behar,293.5,518.8,1767.63,2290.15,1734.3552999999984,33.27470000000176
2008,West Bengal,Cooch Behar,309.8,500.4,1615.24,2122.55,1578.8338000000006,36.406199999999444
2009,West Bengal,Cooch Behar,274.0,561.0,2047.45,1819.8,2125.7021999999993,78.25219999999922
2010,West Bengal,Cooch Behar,275.29,656.87,2386.1,1838.55,2456.5162000000028,70.41620000000285
2011,West Bengal,Cooch Behar,273.28,600.69,2198.08,2052.6,2197.993999999997,0.08600000000296859
2012,West Bengal,Cooch Behar,277.81,670.26,2412.66,1950.1,2427.324300000002,14.664300000002186
2013,West Bengal,Cooch Behar,273.13,727.97,2665.29,2085.1,2660.6601000000005,4.629899999999452
2014,West Bengal,Cooch Behar,277.39,720.1,2595.98,1792.0,2595.719200000004,0.26079999999592474
2015,West Bengal,Cooch Behar,270.15,722.23,2673.44,2024.45,2672.076100000001,1.363899999998921
1966,West Bengal,Purulia,238.2,189.7,796.39,1817.0,810.2795999999997,13.889599999999746
1967,West Bengal,Purulia,257.37,290.17,1127.44,2104.45,1128.6674999999998,1.2274999999997362
1968,West Bengal,Purulia,258.3,249.25,964.96,2488.25,964.514100000001,0.4458999999990283
1969,West Bengal,Purulia,261.6,266.29,1017.93,1914.45,1009.5933,8.33669999999995
1970,West Bengal,Purulia,262.5,288.87,1100.46,2175.4,1112.726900000001,12.266900000000987
1971,West Bengal,Purulia,269.6,347.77,1289.95,2663.3,1304.0526999999993,14.102699999999231
1972,West Bengal,Purulia,259.8,273.73,1053.62,1873.9,1046.9751000000006,6.644899999999325
1973,West Bengal,Purulia,261.0,264.69,1014.14,2269.9,1003.3478,10.79219999999998
1974,West Bengal,Purulia,257.3,299.18,1162.77,2406.15,1164.7391000000002,1.9691000000002532
1975,West Bengal,Purulia,262.8,310.02,1179.68,2064.9,1162.9290999999998,16.75090000000023
1976,West Bengal,Purulia,244.5,242.31,991.04,2017.25,991.5553999999986,0.5153999999986354
1977,West Bengal,Purulia,274.8,328.07,1193.85,2373.55,1183.1853000000015,10.664699999998447
1978,West Bengal,Purulia,276.1,324.43,1175.05,2125.15,1168.9213000000016,6.128699999998389
1979,West Bengal,Purulia,220.4,146.91,666.56,1834.8,682.1912999999995,15.631299999999555
1980,West Bengal,Purulia,251.3,342.63,1363.43,2334.8,1348.777199999998,14.652800000002117
1981,West Bengal,Purulia,223.83,158.48,708.04,2439.15,739.3418999999996,31.30189999999959
1982,West Bengal,Purulia,208.86,134.47,643.83,1724.35,672.1520000000005,28.322000000000457
1983,West Bengal,Purulia,234.84,310.56,1322.43,2151.2,1327.2704,4.840400000000045
1984,West Bengal,Purulia,261.84,369.05,1409.45,2290.05,1427.1069999999995,17.65699999999947
1985,West Bengal,Purulia,248.19,435.85,1756.11,2225.65,1759.446499999998,3.3364999999980682
1986,West Bengal,Purulia,288.47,389.32,1349.6,2078.2,1347.516400000001,2.083599999998796
1987,West Bengal,Purulia,262.63,422.66,1609.34,2388.5,1594.242599999998,15.097400000001926
1988,West Bengal,Purulia,257.29,364.57,1416.96,2411.45,1420.5426000000014,3.582600000001321
1989,West Bengal,Purulia,272.01,427.69,1572.33,2240.45,1575.5484999999992,3.218499999999267
1990,West Bengal,Purulia,285.26,372.73,1306.63,2763.3,1303.142400000001,3.48759999999902
1991,West Bengal,Purulia,291.01,417.89,1436.0,2340.75,1412.7958,23.2041999999999
1992,West Bengal,Purulia,289.02,426.63,1476.13,1886.7,1463.7617000000016,12.368299999998499
1993,West Bengal,Purulia,294.21,440.87,1498.49,2327.8,1494.2321000000009,4.257899999999154
1994,West Bengal,Purulia,296.03,504.37,1703.78,1829.05,1685.5662999999997,18.213700000000244
1995,West Bengal,Purulia,300.5,477.25,1588.19,2746.9,1577.5806000000014,10.609399999998686
1996,West Bengal,Purulia,304.56,483.09,1586.19,2152.15,1574.208700000001,11.98129999999901
1997,West Bengal,Purulia,322.42,609.31,1889.8,2104.55,1882.453099999998,7.3469000000020515
1998,West Bengal,Purulia,231.79,341.6,1473.75,2643.9,1484.894,11.144000000000005
1999,West Bengal,Purulia,299.99,547.63,1825.49,2640.15,1793.603199999999,31.886800000000903
2000,West Bengal,Purulia,262.19,474.98,1811.59,2240.05,1807.635499999997,3.9545000000030086
2001,West Bengal,Purulia,294.72,745.17,2528.4,2076.6,2547.198599999998,18.798599999997805
2002,West Bengal,Purulia,230.25,486.85,2114.44,2080.15,2091.9292,22.510800000000017
2003,West Bengal,Purulia,294.58,639.72,2171.63,2110.0,2307.6978999999988,136.06789999999864
2004,West Bengal,Purulia,289.66,673.72,2325.9,2142.05,2373.1135999999988,47.21359999999868
2005,West Bengal,Purulia,266.98,528.9,1981.05,2206.3,2013.513499999998,32.46349999999802
2006,West Bengal,Purulia,280.56,731.4,2606.93,1961.3,2589.384599999997,17.5454000000027
2007,West Bengal,Purulia,313.7,768.2,2448.84,2290.15,2462.091799999998,13.25179999999773
2008,West Bengal,Purulia,301.0,744.2,2472.43,2122.55,2496.601899999996,24.171899999996185
2009,West Bengal,Purulia,265.7,598.8,2253.67,1819.8,2244.678800000002,8.991199999998116
2010,West Bengal,Purulia,152.9,261.75,1711.9,1838.55,2102.2483999999986,390.3483999999985
2011,West Bengal,Purulia,270.59,732.35,2706.49,2052.6,2708.615899999998,2.1258999999981825
2012,West Bengal,Purulia,289.14,730.73,2527.25,1950.1,2522.1303,5.1197000000001935
2013,West Bengal,Purulia,302.88,731.54,2415.28,2085.1,2459.8517999999976,44.57179999999744
2014,West Bengal,Purulia,279.72,599.42,2142.93,1792.0,2130.6541999999968,12.275800000003073
2015,West Bengal,Purulia,272.13,500.44,1838.97,2024.45,1802.4034999999997,36.56650000000036
1966,West Bengal,Midnapur,832.99,926.0,1111.66,1817.0,1102.4181000000015,9.241899999998623
1967,West Bengal,Midnapur,785.94,675.7,859.73,2104.45,931.2746000000001,71.54460000000006
1968,West Bengal,Midnapur,815.2,873.76,1071.84,2488.25,1059.2793999999988,12.560600000001159
1969,West Bengal,Midnapur,884.3,964.63,1090.84,1914.45,1103.3574999999996,12.5174999999997
1970,West Bengal,Midnapur,873.1,881.68,1009.83,2175.4,1032.7406000000008,22.910600000000727
1971,West Bengal,Midnapur,869.2,756.45,870.28,2663.3,939.3270999999992,69.0470999999992
1972,West Bengal,Midnapur,890.7,972.44,1091.77,1873.9,1120.578300000001,28.808300000001054
1973,West Bengal,Midnapur,898.7,911.1,1013.8,2269.9,1033.611900000001,19.81190000000106
1974,West Bengal,Midnapur,903.7,948.99,1050.12,2406.15,1071.1654999999994,21.045499999999493
1975,West Bengal,Midnapur,915.5,1119.68,1223.03,2064.9,1297.3708000000001,74.34080000000017
1976,West Bengal,Midnapur,876.8,942.79,1075.26,2017.25,1077.702899999999,2.4428999999990992
1977,West Bengal,Midnapur,914.5,1142.79,1249.63,2373.55,1311.972400000001,62.34240000000091
1978,West Bengal,Midnapur,852.2,1036.9,1216.73,2125.15,1297.7504000000001,81.02040000000011
1979,West Bengal,Midnapur,886.6,983.99,1109.85,1834.8,1168.5910000000013,58.74100000000135
1980,West Bengal,Midnapur,904.0,1257.98,1391.57,2334.8,1420.9542000000022,29.384200000002238
1981,West Bengal,Midnapur,964.53,940.76,975.36,2439.15,1017.9418000000001,42.581800000000044
1982,West Bengal,Midnapur,900.01,798.25,886.93,1724.35,1061.5178000000008,174.5878000000008
1983,West Bengal,Midnapur,977.92,1358.16,1388.83,2151.2,1469.3338,80.50380000000018
1984,West Bengal,Midnapur,907.48,1404.91,1548.14,2290.05,1526.7538000000018,21.386199999998325
1985,West Bengal,Midnapur,925.23,1458.32,1576.17,2225.65,1592.5244000000014,16.354400000001306
1986,West Bengal,Midnapur,958.4,1498.82,1563.88,2078.2,1675.150500000002,111.2705000000019
1987,West Bengal,Midnapur,957.53,1732.24,1809.07,2388.5,1859.7239000000031,50.653900000003205
1988,West Bengal,Midnapur,964.36,1866.32,1935.29,2411.45,1931.7401000000013,3.5498999999986154
1989,West Bengal,Midnapur,967.25,1882.49,1946.23,2240.45,2011.5097000000023,65.27970000000232
1990,West Bengal,Midnapur,1024.84,1529.3,1492.23,2763.3,1717.2343000000017,225.00430000000165
1991,West Bengal,Midnapur,1065.48,2259.82,2120.94,2340.75,2113.826500000002,7.113499999998112
1992,West Bengal,Midnapur,1022.17,2066.27,2021.45,1886.7,2203.7182000000025,182.26820000000248
1993,West Bengal,Midnapur,1066.99,2097.4,1965.72,2327.8,2005.246700000001,39.52670000000103
1994,West Bengal,Midnapur,1064.96,2283.79,2144.48,1829.05,2194.197400000003,49.71740000000318
1995,West Bengal,Midnapur,1080.39,2093.21,1937.46,2746.9,2010.5735000000013,73.1135000000013
1996,West Bengal,Midnapur,1089.5,2362.01,2167.98,2152.15,2202.693200000002,34.71320000000196
1997,West Bengal,Midnapur,1070.91,2302.06,2149.63,2104.55,2181.821300000002,32.191300000001775
1998,West Bengal,Midnapur,1045.86,2055.88,1965.73,2643.9,2022.5336000000023,56.803600000002234
1999,West Bengal,Midnapur,1106.65,2418.93,2185.81,2640.15,2203.3480999999992,17.538099999999304
2000,West Bengal,Midnapur,1108.55,2584.45,2331.38,2240.05,2352.9469000000026,21.566900000002533
2001,West Bengal,Midnapur,1076.59,2710.75,2517.9,2076.6,2510.5122999999976,7.387700000002496
2002,West Bengal,Midnapur,1044.86,2524.95,2416.54,2080.15,2394.4251000000013,22.11489999999867
2003,West Bengal,Midnapur,1073.68,2516.6,2343.9,2110.0,2347.158699999998,3.2586999999980435
2004,West Bengal,Midnapur,1071.5,2802.2,2615.21,2142.05,2570.0269999999987,45.18300000000136
2005,West Bengal,Midnapur,1068.9,2416.32,2260.57,2206.3,2231.594000000004,28.97599999999602
2006,West Bengal,Midnapur,1122.84,2844.06,2532.92,1961.3,2603.5733999999993,70.65339999999924
2007,West Bengal,Midnapur,1046.6,2620.7,2504.01,2290.15,2421.612700000003,82.39729999999736
2008,West Bengal,Midnapur,1125.7,2736.6,2431.02,2122.55,2464.7160999999974,33.69609999999739
2009,West Bengal,Midnapur,1114.7,2794.6,2507.04,1819.8,2566.4594000000006,59.41940000000068
2010,West Bengal,Midnapur,1066.2,2947.41,2764.41,1838.55,2662.4090999999985,102.00090000000137
2011,West Bengal,Midnapur,1055.4,2784.21,2638.06,2052.6,2591.5171999999984,46.542800000001534
2012,West Bengal,Midnapur,1093.5,2940.45,2689.03,1950.1,2660.148799999999,28.881200000001172
2013,West Bengal,Midnapur,1105.54,2618.92,2368.91,2085.1,2404.413700000001,35.50370000000112
2014,West Bengal,Midnapur,1154.23,3152.73,2731.46,1792.0,2730.9657999999986,0.4942000000014559
2015,West Bengal,Midnapur,1136.11,3215.01,2829.84,2024.45,2742.3035999999993,87.53640000000087
1966,West Bengal,West Dinajpur,425.55,376.46,884.64,1817.0,877.2631999999991,7.376800000000912
1967,West Bengal,West Dinajpur,399.49,332.8,833.06,2104.45,874.4287999999992,41.36879999999928
1968,West Bengal,West Dinajpur,429.9,445.31,1035.85,2488.25,1012.6132000000005,23.236799999999448
1969,West Bengal,West Dinajpur,454.0,374.69,825.31,1914.45,833.5238999999991,8.213899999999171
1970,West Bengal,West Dinajpur,460.5,465.37,1010.58,2175.4,992.6214000000007,17.958599999999365
1971,West Bengal,West Dinajpur,477.6,456.59,956.01,2663.3,976.9978999999996,20.987899999999627
1972,West Bengal,West Dinajpur,420.9,333.16,791.54,1873.9,814.3658999999993,22.825899999999365
1973,West Bengal,West Dinajpur,433.2,394.03,909.58,2269.9,913.546000000001,3.9660000000009177
1974,West Bengal,West Dinajpur,464.8,425.9,916.31,2406.15,944.825499999999,28.515499999999065
1975,West Bengal,West Dinajpur,455.0,381.36,838.15,2064.9,851.1870999999996,13.037099999999668
1976,West Bengal,West Dinajpur,468.3,440.58,940.81,2017.25,966.1131000000001,25.3031000000002
1977,West Bengal,West Dinajpur,474.0,473.12,998.14,2373.55,996.2153999999994,1.9246000000006234
1978,West Bengal,West Dinajpur,442.8,394.46,890.83,2125.15,909.4817000000006,18.651700000000574
1979,West Bengal,West Dinajpur,429.8,388.39,903.65,1834.8,906.4501999999994,2.8001999999994496
1980,West Bengal,West Dinajpur,457.3,486.54,1063.94,2334.8,1062.3516000000004,1.5883999999996377
1981,West Bengal,West Dinajpur,471.12,478.32,1015.28,2439.15,1022.8750999999994,7.595099999999434
1982,West Bengal,West Dinajpur,439.61,405.86,923.23,1724.35,925.6239999999999,2.3939999999998918
1983,West Bengal,West Dinajpur,468.67,512.73,1094.01,2151.2,1124.919299999998,30.909299999997984
1984,West Bengal,West Dinajpur,461.58,512.32,1109.93,2290.05,1124.4549999999974,14.524999999997362
1985,West Bengal,West Dinajpur,429.43,529.66,1233.4,2225.65,1333.5773999999985,100.17739999999844
1986,West Bengal,West Dinajpur,471.94,651.0,1379.41,2078.2,1379.7170000000012,0.30700000000115324
1987,West Bengal,West Dinajpur,465.08,492.54,1059.04,2388.5,1068.2115999999987,9.171599999998762
1988,West Bengal,West Dinajpur,487.02,649.61,1333.85,2411.45,1346.949400000001,13.099400000001197
1989,West Bengal,West Dinajpur,465.58,771.99,1658.13,2240.45,1652.2320000000009,5.897999999999229
1996,West Bengal,West Dinajpur,480.95,930.23,1934.15,2152.15,1871.8007999999973,62.34920000000284
1997,West Bengal,West Dinajpur,459.0,919.38,2003.01,2104.55,1902.0672999999979,100.9427000000021
1998,West Bengal,West Dinajpur,481.07,1043.27,2168.64,2643.9,2131.2687000000033,37.37129999999661
1999,West Bengal,West Dinajpur,501.84,990.85,1974.43,2640.15,1971.0185999999965,3.411400000003596
2000,West Bengal,West Dinajpur,493.95,1095.96,2218.77,2240.05,2171.1657999999975,47.60420000000249
2001,West Bengal,West Dinajpur,490.86,979.83,1996.15,2076.6,1950.5011999999974,45.648800000002666
2002,West Bengal,West Dinajpur,492.53,1049.1,2130.02,2080.15,2089.5918999999985,40.42810000000145
2003,West Bengal,West Dinajpur,507.96,1219.54,2400.86,2110.0,2405.934999999996,5.074999999995725
2004,West Bengal,West Dinajpur,485.58,1200.86,2473.04,2142.05,2440.592400000001,32.447599999999056
2005,West Bengal,West Dinajpur,491.79,1211.69,2463.84,2206.3,2445.8306999999977,18.00930000000244
2006,West Bengal,West Dinajpur,441.41,1036.13,2347.32,1961.3,2284.906800000001,62.41319999999905
2007,West Bengal,West Dinajpur,479.0,1175.5,2454.07,2290.15,2410.438200000002,43.63179999999829
2008,West Bengal,West Dinajpur,489.8,1161.6,2371.58,2122.55,2343.3323999999966,28.24760000000333
2009,West Bengal,West Dinajpur,446.8,1022.8,2289.17,1819.8,2235.910900000002,53.25909999999794
2010,West Bengal,West Dinajpur,439.26,1216.16,2768.66,1838.55,2717.1458000000002,51.51419999999962
2011,West Bengal,West Dinajpur,418.08,1105.35,2643.87,2052.6,2653.459200000001,9.589200000001256
2012,West Bengal,West Dinajpur,408.21,1084.49,2656.7,1950.1,2713.333699999999,56.63369999999941
2013,West Bengal,West Dinajpur,407.78,1069.76,2623.38,2085.1,2632.0704000000014,8.690400000001318
2014,West Bengal,West Dinajpur,399.61,1120.63,2804.31,1792.0,2812.0041999999985,7.6941999999985455
2015,West Bengal,West Dinajpur,414.94,1195.03,2880.01,2024.45,2863.3450000000025,16.66499999999769
